{
  "shadow_mode": {
    "revenue_usd": {
      "mean": 256.0,
      "p10": 0.0,
      "p50": 0.0,
      "p90": 0.0
    },
    "churn_rate": {
      "mean": 0.1398881253547419,
      "p10": 0.13216591875928857,
      "p50": 0.13895771854577585,
      "p90": 0.1486461581744969
    },
    "gross_margin": {
      "mean": 0.8372167828778775,
      "p10": 0.7040748443092973,
      "p50": 0.8641520812900919,
      "p90": 0.935312356002947
    },
    "legal_veto_rate": {
      "mean": 0.0,
      "p10": 0,
      "p50": 0,
      "p90": 0
    }
  },
  "scrape_mode": {
    "revenue_usd": {
      "mean": 560.0,
      "p10": 0.0,
      "p50": 0.0,
      "p90": 4000.0
    },
    "churn_rate": {
      "mean": 0.13526847977305118,
      "p10": 0.13098016081906688,
      "p50": 0.13355948633497525,
      "p90": 0.14083707975229356
    },
    "gross_margin": {
      "mean": 0.875118907204298,
      "p10": 0.7569005711216408,
      "p50": 0.8979540606526859,
      "p90": 0.9560505247406667
    },
    "legal_veto_rate": {
      "mean": 1.0,
      "p10": 1,
      "p50": 1,
      "p90": 1
    }
  }
}